Der Kolumbusfalter,3. Auflage,01.01.1997,https://www.lustiges-taschenbuch.de/sites/default/files/cover/ltb_Aktuell_001.jpg,250
Der Kolumbusfalter,1. Auflage,01.10.1967,https://www.lustiges-taschenbuch.de/sites/default/files/cover/ltb_EA_001.jpg,250
Der Kolumbusfalter,2. Auflage,01.01.1990,https://www.lustiges-taschenbuch.de/sites/default/files/cover/ltb_1.NA_001_1.jpg,250
"""Hallo...Hier Micky!""",3. Auflage,01.01.1997,https://www.lustiges-taschenbuch.de/sites/default/files/cover/ltb_Aktuell_002.jpg,250
"""Hallo...Hier Micky!""",1. Auflage,01.01.1968,https://www.lustiges-taschenbuch.de/sites/default/files/cover/ltb_EA_002_0.jpg,250
"""Hallo...Hier Micky!""",2. Auflage,01.01.1990,https://www.lustiges-taschenbuch.de/sites/default/files/cover/ltb_1.NA_002.jpg,250
Onkel Dagoberts Millionen,1. Auflage,01.01.1968,https://www.lustiges-taschenbuch.de/sites/default/files/cover/ltb_EA_003.jpg,250
Onkel Dagoberts Millionen,2. Auflage,01.01.1990,https://www.lustiges-taschenbuch.de/sites/default/files/cover/ltb_1.NA_003.jpg,250
Onkel Dagoberts Millionen,3. Auflage,01.01.1997,https://www.lustiges-taschenbuch.de/sites/default/files/cover/ltb_Aktuell_003.jpg,250
"Donald, der König des Wilden Westens!",3. Auflage,01.01.1997,https://www.lustiges-taschenbuch.de/sites/default/files/cover/ltb_Aktuell_004.jpg,250
"Donald, der König des Wilden Westens!",1. Auflage,01.01.1968,https://www.lustiges-taschenbuch.de/sites/default/files/cover/ltb_EA_004.jpg,250
"Donald, der König des Wilden Westens!",2. Auflage,01.01.1990,https://www.lustiges-taschenbuch.de/sites/default/files/cover/ltb_1.NA_004.jpg,250
Onkel Dagobert bleibt Sieger,3. Auflage,01.01.1997,https://www.lustiges-taschenbuch.de/sites/default/files/cover/ltb_Aktuell_005.jpg,249
Onkel Dagobert bleibt Sieger,1. Auflage,01.01.1968,https://www.lustiges-taschenbuch.de/sites/default/files/cover/ltb_EA_005.jpg,249
Onkel Dagobert bleibt Sieger,2. Auflage,01.01.1990,https://www.lustiges-taschenbuch.de/sites/default/files/cover/ltb_1.NA_005.jpg,249
Micky-Parade,1. Auflage,01.01.1968,https://www.lustiges-taschenbuch.de/sites/default/files/cover/ltb_EA_006.jpg,250
Micky-Parade,2. Auflage,01.01.1990,https://www.lustiges-taschenbuch.de/sites/default/files/cover/ltb_1.NA_006.jpg,250
Micky-Parade,3. Auflage,01.01.1997,https://www.lustiges-taschenbuch.de/sites/default/files/cover/ltb_Aktuell_006.jpg,250
Donald in 1000 Nöten,1. Auflage,22.05.1969,https://www.lustiges-taschenbuch.de/sites/default/files/cover/ltb_EA_007.jpg,249
Donald in 1000 Nöten,2. Auflage,01.01.1990,https://www.lustiges-taschenbuch.de/sites/default/files/cover/ltb_1.NA_007.jpg,249
Donald in 1000 Nöten,3. Auflage,01.01.1997,https://www.lustiges-taschenbuch.de/sites/default/files/cover/ltb_Aktuell_007.jpg,249
Donald gibt nicht auf,1. Auflage,01.01.1969,https://www.lustiges-taschenbuch.de/sites/default/files/cover/ltb_EA_008.jpg,250
Donald gibt nicht auf,2. Auflage,01.01.1990,https://www.lustiges-taschenbuch.de/sites/default/files/cover/ltb_1.NA_008.jpg,250
Donald gibt nicht auf,3. Auflage,01.01.1997,https://www.lustiges-taschenbuch.de/sites/default/files/cover/ltb_Aktuell_008.jpg,250
Micky ist der Größte,2. Auflage,01.01.1990,https://www.lustiges-taschenbuch.de/sites/default/files/cover/ltb_1.NA_009.jpg,250
Micky ist der Größte,3. Auflage,01.01.1997,https://www.lustiges-taschenbuch.de/sites/default/files/cover/ltb_Aktuell_009.jpg,250
Micky ist der Größte,1. Auflage,01.01.1969,https://www.lustiges-taschenbuch.de/sites/default/files/cover/ltb_EA_009.jpg,250
Mit Onkel Dagobert auf Weltreise,3. Auflage,01.01.1997,https://www.lustiges-taschenbuch.de/sites/default/files/cover/ltb_Aktuell_010.jpg,250
Mit Onkel Dagobert auf Weltreise,1. Auflage,22.12.1969,https://www.lustiges-taschenbuch.de/sites/default/files/cover/ltb_EA_010.jpg,250
Mit Onkel Dagobert auf Weltreise,2. Auflage,01.01.1990,https://www.lustiges-taschenbuch.de/sites/default/files/cover/ltb_1.NA_010.jpg,250
Hexenzauber mit Micky und Goofy,3. Auflage,01.01.1997,https://www.lustiges-taschenbuch.de/sites/default/files/cover/ltb_Aktuell_011.jpg,250
Hexenzauber mit Micky und Goofy,1. Auflage,01.01.1970,https://www.lustiges-taschenbuch.de/sites/default/files/cover/ltb_EA_011_0.jpg,250
Hexenzauber mit Micky und Goofy,2. Auflage,01.01.1990,https://www.lustiges-taschenbuch.de/sites/default/files/cover/ltb_1.NA_011.jpg,250
Donald in Hypnose,3. Auflage,01.01.1997,https://www.lustiges-taschenbuch.de/sites/default/files/cover/ltb_Aktuell_012.jpg,250
Donald in Hypnose,1. Auflage,01.01.1970,https://www.lustiges-taschenbuch.de/sites/default/files/cover/ltb_EA_012_0.jpg,250
Donald in Hypnose,2. Auflage,01.01.1990,https://www.lustiges-taschenbuch.de/sites/default/files/cover/ltb_1.NA_012.jpg,250
Micky in Gefahr!,3. Auflage,01.01.1997,https://www.lustiges-taschenbuch.de/sites/default/files/cover/ltb_Aktuell_013.jpg,250
Micky in Gefahr!,1. Auflage,01.01.1970,https://www.lustiges-taschenbuch.de/sites/default/files/cover/ltb_EA_013_0.jpg,250
Micky in Gefahr!,2. Auflage,01.01.1990,https://www.lustiges-taschenbuch.de/sites/default/files/cover/ltb_1.NA_013.jpg,250
Donald sucht Streit,3. Auflage,01.01.1997,https://www.lustiges-taschenbuch.de/sites/default/files/cover/ltb_Aktuell_014.jpg,250
Donald sucht Streit,1. Auflage,01.01.1970,https://www.lustiges-taschenbuch.de/sites/default/files/cover/ltb_EA_014_0.jpg,250
Donald sucht Streit,2. Auflage,01.01.1990,https://www.lustiges-taschenbuch.de/sites/default/files/cover/ltb_1.NA_014.jpg,250
Abenteuer mit Micky und Goofy,3. Auflage,01.01.1997,https://www.lustiges-taschenbuch.de/sites/default/files/cover/ltb_Aktuell_015.jpg,250
Abenteuer mit Micky und Goofy,1. Auflage,01.01.1971,https://www.lustiges-taschenbuch.de/sites/default/files/cover/ltb_EA_015_0.jpg,250
Abenteuer mit Micky und Goofy,2. Auflage,01.01.1990,https://www.lustiges-taschenbuch.de/sites/default/files/cover/ltb_1.NA_015.jpg,250
Donald in 1000 und einer Nacht,3. Auflage,01.01.1997,https://www.lustiges-taschenbuch.de/sites/default/files/cover/ltb_Aktuell_016.jpg,250
Donald in 1000 und einer Nacht,1. Auflage,01.01.1971,https://www.lustiges-taschenbuch.de/sites/default/files/cover/ltb_EA_016_0.jpg,250
Donald in 1000 und einer Nacht,2. Auflage,01.01.1990,https://www.lustiges-taschenbuch.de/sites/default/files/cover/ltb_1.NA_016.jpg,250
Micky und Minni,3. Auflage,01.01.1997,https://www.lustiges-taschenbuch.de/sites/default/files/cover/ltb_Aktuell_017.jpg,250
Micky und Minni,1. Auflage,01.01.1971,https://www.lustiges-taschenbuch.de/sites/default/files/cover/ltb_EA_017.jpg,250
Micky und Minni,2. Auflage,01.01.1990,https://www.lustiges-taschenbuch.de/sites/default/files/cover/ltb_1.NA_017.jpg,250
Donald ist unschlagbar,3. Auflage,01.01.1997,https://www.lustiges-taschenbuch.de/sites/default/files/cover/ltb_Aktuell_018.jpg,250
Donald ist unschlagbar,1. Auflage,01.01.1971,https://www.lustiges-taschenbuch.de/sites/default/files/cover/ltb_EA_018.jpg,250
Donald ist unschlagbar,2. Auflage,01.01.1990,https://www.lustiges-taschenbuch.de/sites/default/files/cover/ltb_1.NA_018.jpg,250
Pech für die Panzerknacker,3. Auflage,01.01.1997,https://www.lustiges-taschenbuch.de/sites/default/files/cover/ltb_Aktuell_019.jpg,250
Pech für die Panzerknacker,1. Auflage,01.01.1972,https://www.lustiges-taschenbuch.de/sites/default/files/cover/ltb_EA_019.jpg,250
Pech für die Panzerknacker,2. Auflage,01.01.1990,https://www.lustiges-taschenbuch.de/sites/default/files/cover/ltb_1.NA_019.jpg,250
Onkel Dagobert sieht rot,3. Auflage,01.01.1997,https://www.lustiges-taschenbuch.de/sites/default/files/cover/ltb_Aktuell_020.jpg,250
Onkel Dagobert sieht rot,1. Auflage,26.05.1972,https://www.lustiges-taschenbuch.de/sites/default/files/cover/ltb_EA_020.jpg,250
Onkel Dagobert sieht rot,2. Auflage,01.01.1990,https://www.lustiges-taschenbuch.de/sites/default/files/cover/ltb_1.NA_020.jpg,250
7:0 für Onkel Dagobert,3. Auflage,01.01.1998,https://www.lustiges-taschenbuch.de/sites/default/files/cover/ltb_Aktuell_021.jpg,250
7:0 für Onkel Dagobert,1. Auflage,08.08.1972,https://www.lustiges-taschenbuch.de/sites/default/files/cover/ltb_EA_021.jpg,250
7:0 für Onkel Dagobert,2. Auflage,01.01.1991,https://www.lustiges-taschenbuch.de/sites/default/files/cover/ltb_1.NA_021.jpg,250
Donald auf großer Fahrt,3. Auflage,01.01.1998,https://www.lustiges-taschenbuch.de/sites/default/files/cover/ltb_Aktuell_022.jpg,250
Donald auf großer Fahrt,1. Auflage,13.12.1972,https://www.lustiges-taschenbuch.de/sites/default/files/cover/ltb_EA_022.jpg,250
Donald auf großer Fahrt,2. Auflage,01.01.1991,https://www.lustiges-taschenbuch.de/sites/default/files/cover/ltb_1.NA_022.jpg,250
Ritter Donald ist der Beste,3. Auflage,01.01.1998,https://www.lustiges-taschenbuch.de/sites/default/files/cover/ltb_Aktuell_023.jpg,250
Ritter Donald ist der Beste,1. Auflage,01.01.1973,https://www.lustiges-taschenbuch.de/sites/default/files/cover/ltb_EA_023.jpg,250
Ritter Donald ist der Beste,2. Auflage,01.01.1991,https://www.lustiges-taschenbuch.de/sites/default/files/cover/ltb_1.NA_023.jpg,250
Donald geht ein Licht auf,1. Auflage,21.05.1973,https://www.lustiges-taschenbuch.de/sites/default/files/cover/ltb_EA_024.jpg,250
Donald geht ein Licht auf,2. Auflage,01.01.1991,https://www.lustiges-taschenbuch.de/sites/default/files/cover/ltb_1.NA_024.jpg,250
Donald geht ein Licht auf,3. Auflage,01.01.1998,https://www.lustiges-taschenbuch.de/sites/default/files/cover/ltb_Aktuell_024.jpg,250
"Tick, Trick und Track räumen auf",3. Auflage,01.01.1998,https://www.lustiges-taschenbuch.de/sites/default/files/cover/ltb_Aktuell_025.jpg,250
"Tick, Trick und Track räumen auf",1. Auflage,02.08.1973,https://www.lustiges-taschenbuch.de/sites/default/files/cover/ltb_EA_025.jpg,250
"Tick, Trick und Track räumen auf",2. Auflage,01.01.1991,https://www.lustiges-taschenbuch.de/sites/default/files/cover/ltb_1.NA_025.jpg,250
Onkel Dagobert schafft's allein,3. Auflage,01.01.1998,https://www.lustiges-taschenbuch.de/sites/default/files/cover/ltb_Aktuell_026.jpg,250
Onkel Dagobert schafft's allein,1. Auflage,12.11.1973,https://www.lustiges-taschenbuch.de/sites/default/files/cover/ltb_EA_026.jpg,250
Onkel Dagobert schafft's allein,2. Auflage,01.01.1991,https://www.lustiges-taschenbuch.de/sites/default/files/cover/ltb_1.NA_026.jpg,250
Donald der Große,1. Auflage,18.02.1974,https://www.lustiges-taschenbuch.de/sites/default/files/cover/ltb_EA_027.jpg,250
Donald der Große,2. Auflage,01.01.1991,https://www.lustiges-taschenbuch.de/sites/default/files/cover/ltb_1.NA_027.jpg,250
Donald der Große,3. Auflage,01.01.1998,https://www.lustiges-taschenbuch.de/sites/default/files/cover/ltb_Aktuell_027.jpg,250
"Wer wagt, gewinnt",3. Auflage,01.01.1998,https://www.lustiges-taschenbuch.de/sites/default/files/cover/ltb_Aktuell_028.jpg,250
"Wer wagt, gewinnt",1. Auflage,06.05.1974,https://www.lustiges-taschenbuch.de/sites/default/files/cover/ltb_EA_028.jpg,250
"Wer wagt, gewinnt",2. Auflage,01.01.1991,https://www.lustiges-taschenbuch.de/sites/default/files/cover/ltb_1.NA_028.jpg,250
"Micky, der Westernheld",3. Auflage,01.01.1998,https://www.lustiges-taschenbuch.de/sites/default/files/cover/ltb_Aktuell_029.jpg,250
"Micky, der Westernheld",1. Auflage,01.07.1974,https://www.lustiges-taschenbuch.de/sites/default/files/cover/ltb_EA_029.jpg,250
"Micky, der Westernheld",2. Auflage,01.01.1991,https://www.lustiges-taschenbuch.de/sites/default/files/cover/ltb_1.NA_029.jpg,250
Hier geht's rund,3. Auflage,01.01.1998,https://www.lustiges-taschenbuch.de/sites/default/files/cover/ltb_Aktuell_030.jpg,250
Hier geht's rund,1. Auflage,09.09.1974,https://www.lustiges-taschenbuch.de/sites/default/files/cover/ltb_EA_030.jpg,250
Hier geht's rund,2. Auflage,01.01.1991,https://www.lustiges-taschenbuch.de/sites/default/files/cover/ltb_1.NA_030.jpg,250
Unverhofft kommt oft,3. Auflage,01.01.1998,https://www.lustiges-taschenbuch.de/sites/default/files/cover/ltb_Aktuell_031.jpg,250
Unverhofft kommt oft,1. Auflage,04.11.1974,https://www.lustiges-taschenbuch.de/sites/default/files/cover/ltb_EA_031.jpg,250
Unverhofft kommt oft,2. Auflage,01.01.1991,https://www.lustiges-taschenbuch.de/sites/default/files/cover/ltb_1.NA_031.jpg,250
Donald im Glück,3. Auflage,01.01.1998,https://www.lustiges-taschenbuch.de/sites/default/files/cover/ltb_Aktuell_032.jpg,250
Donald im Glück,1. Auflage,10.02.1975,https://www.lustiges-taschenbuch.de/sites/default/files/cover/ltb_EA_032.jpg,250
Donald im Glück,2. Auflage,01.01.1991,https://www.lustiges-taschenbuch.de/sites/default/files/cover/ltb_1.NA_032.jpg,250
Ein Milliardär hat's schwer,3. Auflage,01.01.1998,https://www.lustiges-taschenbuch.de/sites/default/files/cover/ltb_Aktuell_033.jpg,250
Ein Milliardär hat's schwer,1. Auflage,14.04.1975,https://www.lustiges-taschenbuch.de/sites/default/files/cover/ltb_EA_033.jpg,250
Ein Milliardär hat's schwer,2. Auflage,01.01.1991,https://www.lustiges-taschenbuch.de/sites/default/files/cover/ltb_1.NA_033.jpg,250
Supermicky,3. Auflage,01.01.1998,https://www.lustiges-taschenbuch.de/sites/default/files/cover/ltb_Aktuell_034.jpg,250
Supermicky,1. Auflage,01.05.1975,https://www.lustiges-taschenbuch.de/sites/default/files/cover/ltb_EA_034.jpg,250
Supermicky,2. Auflage,01.01.1991,https://www.lustiges-taschenbuch.de/sites/default/files/cover/ltb_1.NA_034.jpg,250
Aus Onkel Donalds Memoiren,3. Auflage,01.01.1998,https://www.lustiges-taschenbuch.de/sites/default/files/cover/ltb_Aktuell_035.jpg,250
Aus Onkel Donalds Memoiren,1. Auflage,11.08.1975,https://www.lustiges-taschenbuch.de/sites/default/files/cover/ltb_EA_035.jpg,250
Aus Onkel Donalds Memoiren,2. Auflage,01.01.1991,https://www.lustiges-taschenbuch.de/sites/default/files/cover/ltb_1.NA_035.jpg,250
Onkel Donald auf heißer Spur,3. Auflage,01.01.1998,https://www.lustiges-taschenbuch.de/sites/default/files/cover/ltb_Aktuell_036.jpg,251
Onkel Donald auf heißer Spur,1. Auflage,13.10.1975,https://www.lustiges-taschenbuch.de/sites/default/files/cover/ltb_EA_036.jpg,251
Onkel Donald auf heißer Spur,2. Auflage,01.01.1991,https://www.lustiges-taschenbuch.de/sites/default/files/cover/ltb_1.NA_036.jpg,251
Ehrlich spart am längsten,3. Auflage,01.01.1998,https://www.lustiges-taschenbuch.de/sites/default/files/cover/ltb_Aktuell_037.jpg,250
Ehrlich spart am längsten,1. Auflage,24.11.1975,https://www.lustiges-taschenbuch.de/sites/default/files/cover/ltb_EA_037.jpg,250
Ehrlich spart am längsten,2. Auflage,01.01.1991,https://www.lustiges-taschenbuch.de/sites/default/files/cover/ltb_1.NA_037.jpg,250
Donald hier - Donald da...,3. Auflage,01.01.1998,https://www.lustiges-taschenbuch.de/sites/default/files/cover/ltb_Aktuell_038.jpg,250
Donald hier - Donald da...,1. Auflage,09.02.1976,https://www.lustiges-taschenbuch.de/sites/default/files/cover/ltb_EA_038.jpg,250
Donald hier - Donald da...,2. Auflage,01.01.1991,https://www.lustiges-taschenbuch.de/sites/default/files/cover/ltb_1.NA_038.jpg,250
"Eins, zwei, drei - große Hexerei",3. Auflage,01.01.1998,https://www.lustiges-taschenbuch.de/sites/default/files/cover/ltb_Aktuell_039.jpg,250
"Eins, zwei, drei - große Hexerei",1. Auflage,12.04.1976,https://www.lustiges-taschenbuch.de/sites/default/files/cover/ltb_EA_039.jpg,250
"Eins, zwei, drei - große Hexerei",2. Auflage,01.01.1991,https://www.lustiges-taschenbuch.de/sites/default/files/cover/ltb_1.NA_039.jpg,250
Auf geht's Micky!,3. Auflage,01.01.1998,https://www.lustiges-taschenbuch.de/sites/default/files/cover/ltb_Aktuell_040.jpg,250
Auf geht's Micky!,1. Auflage,14.06.1976,https://www.lustiges-taschenbuch.de/sites/default/files/cover/ltb_EA_040.jpg,250
Auf geht's Micky!,2. Auflage,01.01.1991,https://www.lustiges-taschenbuch.de/sites/default/files/cover/ltb_1.NA_040.jpg,250
Donald mal ganz anders,3. Auflage,01.01.1998,https://www.lustiges-taschenbuch.de/sites/default/files/cover/ltb_Aktuell_041.jpg,250
Donald mal ganz anders,1. Auflage,09.08.1976,https://www.lustiges-taschenbuch.de/sites/default/files/cover/ltb_EA_041.jpg,250
Donald mal ganz anders,2. Auflage,01.01.1992,https://www.lustiges-taschenbuch.de/sites/default/files/cover/ltb_1.NA_041.jpg,250
Micky denkt am schnellsten,3. Auflage,01.01.1998,https://www.lustiges-taschenbuch.de/sites/default/files/cover/ltb_Aktuell_042.jpg,250
Micky denkt am schnellsten,1. Auflage,01.10.1976,https://www.lustiges-taschenbuch.de/sites/default/files/cover/ltb_EA_042.jpg,250
Micky denkt am schnellsten,2. Auflage,01.01.1992,https://www.lustiges-taschenbuch.de/sites/default/files/cover/ltb_1.NA_042.jpg,250
Unterwegs in Sachen Gold,1. Auflage,22.11.1976,https://www.lustiges-taschenbuch.de/sites/default/files/cover/ltb_EA_043.jpg,250
Unterwegs in Sachen Gold,2. Auflage,01.01.1992,https://www.lustiges-taschenbuch.de/sites/default/files/cover/ltb_1.NA_043.jpg,250
Unterwegs in Sachen Gold,3. Auflage,01.01.1998,https://www.lustiges-taschenbuch.de/sites/default/files/cover/ltb_Aktuell_043.jpg,250
Phantomias fliegt wieder,3. Auflage,01.01.1998,https://www.lustiges-taschenbuch.de/sites/default/files/cover/ltb_Aktuell_044.jpg,250
Phantomias fliegt wieder,1. Auflage,01.01.1977,https://www.lustiges-taschenbuch.de/sites/default/files/cover/ltb_EA_044.jpg,250
Phantomias fliegt wieder,2. Auflage,01.01.1992,https://www.lustiges-taschenbuch.de/sites/default/files/cover/ltb_1.NA_044.jpg,250
Bahn frei für Donald,3. Auflage,01.01.1998,https://www.lustiges-taschenbuch.de/sites/default/files/cover/ltb_Aktuell_045.jpg,250
Bahn frei für Donald,1. Auflage,01.01.1977,https://www.lustiges-taschenbuch.de/sites/default/files/cover/ltb_EA_045.jpg,250
Bahn frei für Donald,2. Auflage,01.01.1992,https://www.lustiges-taschenbuch.de/sites/default/files/cover/ltb_1.NA_045.jpg,250
Micky hat den Bogen raus,3. Auflage,01.01.1998,https://www.lustiges-taschenbuch.de/sites/default/files/cover/ltb_Aktuell_046.jpg,250
Micky hat den Bogen raus,1. Auflage,01.01.1977,https://www.lustiges-taschenbuch.de/sites/default/files/cover/ltb_EA_046.jpg,250
Micky hat den Bogen raus,2. Auflage,01.01.1992,https://www.lustiges-taschenbuch.de/sites/default/files/cover/ltb_1.NA_046.jpg,250
"Hoppla, die Ducks kommen!",3. Auflage,01.01.1998,https://www.lustiges-taschenbuch.de/sites/default/files/cover/ltb_Aktuell_047.jpg,250
"Hoppla, die Ducks kommen!",1. Auflage,01.06.1977,https://www.lustiges-taschenbuch.de/sites/default/files/cover/ltb_EA_047.jpg,250
"Hoppla, die Ducks kommen!",2. Auflage,01.01.1992,https://www.lustiges-taschenbuch.de/sites/default/files/cover/ltb_1.NA_047.jpg,250
Volltreffer für Micky,3. Auflage,01.01.1998,https://www.lustiges-taschenbuch.de/sites/default/files/cover/ltb_Aktuell_048.jpg,250
Volltreffer für Micky,1. Auflage,11.07.1977,https://www.lustiges-taschenbuch.de/sites/default/files/cover/ltb_EA_048.jpg,250
Volltreffer für Micky,2. Auflage,01.01.1992,https://www.lustiges-taschenbuch.de/sites/default/files/cover/ltb_1.NA_048.jpg,250
Ohne Fleiß kein Preis,3. Auflage,01.01.1998,https://www.lustiges-taschenbuch.de/sites/default/files/cover/ltb_Aktuell_049.jpg,250
Ohne Fleiß kein Preis,1. Auflage,12.09.1977,https://www.lustiges-taschenbuch.de/sites/default/files/cover/ltb_EA_049.jpg,250
Ohne Fleiß kein Preis,2. Auflage,01.01.1992,https://www.lustiges-taschenbuch.de/sites/default/files/cover/ltb_1.NA_049.jpg,250
Dagobert gewinnt immer,3. Auflage,01.01.1998,https://www.lustiges-taschenbuch.de/sites/default/files/cover/ltb_Aktuell_050.jpg,249
Dagobert gewinnt immer,1. Auflage,14.11.1977,https://www.lustiges-taschenbuch.de/sites/default/files/cover/ltb_EA_050.jpg,249
Dagobert gewinnt immer,2. Auflage,01.01.1992,https://www.lustiges-taschenbuch.de/sites/default/files/cover/ltb_1.NA_050.jpg,249
"Kopf hoch, Donald!",3. Auflage,01.01.1998,https://www.lustiges-taschenbuch.de/sites/default/files/cover/ltb_051.jpg,250
"Kopf hoch, Donald!",1. Auflage,09.01.1978,https://www.lustiges-taschenbuch.de/sites/default/files/cover/ltb_EA_051.jpg,250
"Kopf hoch, Donald!",2. Auflage,01.01.1992,https://www.lustiges-taschenbuch.de/sites/default/files/cover/ltb_1.NA_051.jpg,250
